mixture_id,run,arc_challenge:rc::olmes,arc_easy:rc::olmes,basic_skills:rc::olmes,basic_skills_arithmetic:rc::olmes,basic_skills_coding:rc::olmes,basic_skills_common_knowledge:rc::olmes,basic_skills_logical_reasoning:rc::olmes,basic_skills_pattern:rc::olmes,basic_skills_string_operations:rc::olmes,codex_humaneval:3shot::none,coqa:rc::gen2mc,csqa:rc::olmes,drop:rc::gen2mc,hellaswag:rc::olmes,jeopardy:rc::gen2mc,lab_bench_dbqa,lab_bench_protocolqa,lambada,mbpp:3shot::none,medmcqa:rc::none,medqa_en:rc::none,minerva_math_algebra::olmes,minerva_math_counting_and_probability::olmes,minerva_math_geometry::olmes,minerva_math_intermediate_algebra::olmes,minerva_math_number_theory::olmes,minerva_math_prealgebra::olmes,minerva_math_precalculus::olmes,mmlu_abstract_algebra:rc::olmes,mmlu_anatomy:rc::olmes,mmlu_astronomy:rc::olmes,mmlu_business_ethics:rc::olmes,mmlu_clinical_knowledge:rc::olmes,mmlu_college_biology:rc::olmes,mmlu_college_chemistry:rc::olmes,mmlu_college_computer_science:rc::olmes,mmlu_college_mathematics:rc::olmes,mmlu_college_medicine:rc::olmes,mmlu_college_physics:rc::olmes,mmlu_computer_security:rc::olmes,mmlu_conceptual_physics:rc::olmes,mmlu_econometrics:rc::olmes,mmlu_electrical_engineering:rc::olmes,mmlu_elementary_mathematics:rc::olmes,mmlu_formal_logic:rc::olmes,mmlu_global_facts:rc::olmes,mmlu_high_school_biology:rc::olmes,mmlu_high_school_chemistry:rc::olmes,mmlu_high_school_computer_science:rc::olmes,mmlu_high_school_european_history:rc::olmes,mmlu_high_school_geography:rc::olmes,mmlu_high_school_government_and_politics:rc::olmes,mmlu_high_school_macroeconomics:rc::olmes,mmlu_high_school_mathematics:rc::olmes,mmlu_high_school_microeconomics:rc::olmes,mmlu_high_school_physics:rc::olmes,mmlu_high_school_psychology:rc::olmes,mmlu_high_school_statistics:rc::olmes,mmlu_high_school_us_history:rc::olmes,mmlu_high_school_world_history:rc::olmes,mmlu_human_aging:rc::olmes,mmlu_human_sexuality:rc::olmes,mmlu_international_law:rc::olmes,mmlu_jurisprudence:rc::olmes,mmlu_logical_fallacies:rc::olmes,mmlu_machine_learning:rc::olmes,mmlu_management:rc::olmes,mmlu_marketing:rc::olmes,mmlu_medical_genetics:rc::olmes,mmlu_miscellaneous:rc::olmes,mmlu_moral_disputes:rc::olmes,mmlu_moral_scenarios:rc::olmes,mmlu_nutrition:rc::olmes,mmlu_philosophy:rc::olmes,mmlu_prehistory:rc::olmes,mmlu_professional_accounting:rc::olmes,mmlu_professional_law:rc::olmes,mmlu_professional_medicine:rc::olmes,mmlu_professional_psychology:rc::olmes,mmlu_public_relations:rc::olmes,mmlu_security_studies:rc::olmes,mmlu_sociology:rc::olmes,mmlu_us_foreign_policy:rc::olmes,mmlu_virology:rc::olmes,mmlu_world_religions:rc::olmes,mt_mbpp_v2fix:bash,mt_mbpp_v2fix:c,mt_mbpp_v2fix:cpp,mt_mbpp_v2fix:csharp,mt_mbpp_v2fix:go,mt_mbpp_v2fix:haskell,mt_mbpp_v2fix:java,mt_mbpp_v2fix:javascript,mt_mbpp_v2fix:matlab,mt_mbpp_v2fix:php,mt_mbpp_v2fix:python,mt_mbpp_v2fix:r,mt_mbpp_v2fix:ruby,mt_mbpp_v2fix:rust,mt_mbpp_v2fix:scala,mt_mbpp_v2fix:swift,mt_mbpp_v2fix:typescript,naturalqs:rc::gen2mc,piqa:rc::olmes,qasper_yesno:rc::olmes,sciq:rc::olmo3,sciriff_yesno:rc::olmes,socialiqa:rc::olmes,squad:rc::gen2mc,winogrande:rc::olmes,avg_bpb
0,1m4z4lar,1.7650838202068635,1.7304946802485432,2.012372641273291,2.5182511642148175,1.9060665805620036,1.7370339479442558,0.7198104994743839,1.8567185297729485,3.3363551256713353,1.454352163894894,1.641919050024968,1.8568468822619495,2.4590708948375988,1.2614700632945095,2.0989481672606267,5.588066618068977,2.319381703637305,1.6353842376314816,1.607588690975813,2.9483152710478406,2.77795474948163,1.7178121197769995,1.4125253502493784,1.7378585297719389,1.7837118251940711,1.5815109195059007,1.5308378836889271,1.5455443842266094,1.7305320173821233,2.5804260318305388,1.9634052132393025,2.005049909417241,2.230750777141663,2.1856705130106207,3.341471244884191,2.087704039206114,2.7501757703760767,2.3027001639355533,3.005826644212837,1.9471613354173216,1.7833662641509562,1.5497563513480743,2.3576642394581624,3.1809859280330053,2.8774181717279834,2.532677826327255,2.0127999412077524,2.985086717348419,1.9053801475860448,1.2927482239993353,1.7257038656915649,1.277246819913779,1.53647887815439,3.1043342261509617,1.6090635622523852,2.2413837820205655,1.8168288819536895,1.821815602817766,1.2260299650575197,1.2241158121259923,1.8351892471930296,1.8132331471999616,1.2360721986297871,1.5761788474228768,1.5968242490954982,1.946066132227926,1.5562118914206813,1.7354262744914504,2.7461018446362444,2.253915237322121,1.4531136214276936,0.4621312700903329,2.21831238996728,1.535701924350192,1.7993348823369688,1.7318866114020095,1.3129449766238437,2.584091575095601,1.659086400618891,1.8242391223076264,1.2347049509953791,1.2916727031855513,1.267397723174035,1.992892281164467,2.4770707521977555,1.71015431170753,1.1314979805103702,1.1449019791902326,1.0219639370416662,1.417505498950019,1.7132576753264552,0.8980924654256622,1.3165587619711,1.672086507424268,1.1518769288856132,1.607533911000247,1.7426855654930578,1.8769620731455563,1.7567240759302165,1.672205928168811,1.40983276243602,1.333077568034848,2.2952106522014115,1.624807398753171,0.3616582562287372,2.0495159977766058,0.5997521554796594,1.5953335053675626,1.4504094720887666,1.56703414167619,1.854486228421546
1,d4nbvsr7,1.5235196337283643,1.428111658206209,2.4033940293064275,2.4826511327315086,3.8788316241351946,1.698896484964853,0.8267968301426212,1.8132492638892672,3.719938839975121,2.7272261338456008,1.5414148908546137,1.7814420915492917,2.3632392824069677,1.1907853198505205,2.0183806704182814,5.333298118048188,1.9453021654099805,1.441207293840748,2.9781785728914425,2.12645639742544,1.591396739409816,1.596895319279554,1.3769190536294726,1.8112404631641923,1.6858125650933329,1.5152714366754965,1.4846737767021738,1.5199361280595776,1.6419289189501918,1.4562682948648984,1.607412903584769,1.86237144772554,1.5703956597394044,1.5053849505217722,2.6879986523502355,2.379382725911068,2.801180509508898,1.666621376902324,2.5736984591332472,2.201932362663632,1.5696443784526857,1.5602360484273698,2.1710500477534835,2.8430777376605665,2.953329720730376,2.353192563358041,1.51179411763876,2.2610976240663674,2.267729748648209,1.3803961293826323,1.6976946608794916,1.3782204674988876,1.5435930017329564,3.0059980805500137,1.5625858202905945,2.036447950662653,1.5487616968719355,1.7483936445359405,1.427457928990738,1.3672766403243342,1.4908822842752223,1.6105441900902633,1.2687588609426432,1.6306304996347152,1.548867330703531,2.070427283654937,1.583235476239643,1.697368750074144,1.9505940231350076,2.177857875681714,1.4219496837273258,0.6074392648528398,1.4725462834797751,1.504334913448245,1.8911106439540517,1.7046282210224677,1.308045241931432,1.5135033689919797,1.459179763542172,1.8167334152599812,1.2069725777586482,1.2955696890465385,1.3185114685273411,1.4846323925159204,2.607946056000414,3.414946051347682,2.528223866982913,2.681181148475207,2.250939701527285,2.7742598210935245,2.892061759904802,2.1842932149020275,2.781510212178629,2.6279444981703786,2.687482508117685,2.9781121764591667,2.867006608033624,3.303559699403986,3.2383943957403014,3.2709488311209096,2.8562429065853188,2.7105923604350903,2.149236004002201,1.5299043657755071,0.3706282656575627,1.4822262241561674,0.5675612949374792,1.6558419396125357,1.364251495076746,1.543354422650489,1.9845453956071315
2,ube633ci,1.6794704849083235,1.6061385486262678,2.5171828196688657,2.6320355629732237,4.187926593931956,1.7337241140543695,0.8061331360422472,1.9170698004275952,3.826207710583804,2.908112287249822,1.629062843132146,1.8886957307594243,2.4575212718720083,1.2492108049569632,2.020590045314319,5.740673028188457,2.2913913743530876,1.23502579062718,3.2380998636588085,2.864636807135683,2.7099764875055623,2.622827870208098,1.9572765285744196,2.5939665103179212,2.7773187813970086,2.3265405849612537,2.2166894093384433,2.684338356216262,2.0808650005939224,2.3035241996017297,1.91732037259734,2.0169399936547965,2.1782205663367047,2.0636776815503017,3.391146686828125,2.5558305075052825,3.2207802832091095,2.219978671562073,3.2660287868171487,2.1998548624304273,1.68946563996432,1.740574399223758,2.213388682251649,3.2171256295169153,3.1409134514474792,2.4458212832229775,1.916288511073753,3.059614326991508,2.4453419720147567,1.2859623021202442,1.7694983560198725,1.3802572469317207,1.6026060111701126,3.4351757500932454,1.6616134155045326,2.350403795862246,1.709324667786868,1.952963926225275,1.3832883485874232,1.2988784121528565,1.784770091312522,1.9114345259700667,1.2562768004933,1.4864153318312765,1.373218150218646,2.421788661229312,1.5623108463315385,1.7437690329121374,2.6877267899640827,2.2325102309741,1.378713313576426,0.4414704462264265,2.218593368868579,1.4296633408792874,1.9240645739196172,1.828248018511292,1.297281763942019,2.434668317577489,1.5778891270777335,1.8440175289740008,1.1954455396843628,1.2658612630005488,1.344486358663282,1.9808245053890776,2.524646203534392,3.5195672846416697,2.654141520464811,2.9110986856142316,2.3627868189861587,3.018329199514596,3.097921823847287,2.3394874217034123,3.075780061783467,2.947695355831161,2.931960531270314,3.2379346520266012,3.27433637897429,3.617038733982643,3.4152118489413072,3.4920502936569284,3.035419607658956,2.917023529317774,2.3314522583027912,1.597856906090655,0.5949354994972558,1.900316937410364,1.074919605373138,1.6889062993117616,1.502547145045896,1.5355639052289063,2.2422808483942704
3,8sqa2jjf,1.730894211966672,1.657521174773443,2.5658894907185057,2.515916773827347,4.32372352347939,1.707941808839737,0.8588240385941821,2.0526187278292394,3.93631207174114,3.051591607665475,1.615801135799702,2.0210054201793226,2.3776855587213332,1.2916557905665118,2.1257591698708818,5.770934209441007,2.2292850378746603,1.7031927166645455,3.3917845188058178,2.835017466212093,2.5839837946960835,2.436595994138975,1.8627769276011483,2.5263852088410115,2.643286653676157,2.2170589127334166,2.08157527192486,2.547360144639631,2.0750922743578957,2.3763274568187684,1.9391968868362937,1.9370706937629532,2.0884279260773915,1.9957310515203115,3.434338485983584,2.66805142621497,3.3368600475822343,2.1209398441769483,3.292990431233682,2.3792271656454007,1.7437557444813323,1.5752345750761385,2.5149564907086974,3.2267492312917363,3.47915602972245,2.9639121260431223,1.8922920627491404,3.120431733744741,2.619326154227735,1.212647163396222,1.601600629922345,1.0747771666869843,1.3425032848539151,3.3704726333650123,1.4464232727896325,2.475486194615919,1.716387268420887,2.000114214958925,1.2065358229316363,1.228523093481969,1.7215034381423824,1.903299839199774,1.0792176027040836,1.4601923348733772,1.4252241158298096,2.433668731016575,1.4443249629067645,1.5413387299670511,2.51264572933339,2.3239259140880857,1.3673658970766016,0.6739373723765509,2.0956720252519916,1.4661324851686302,1.9263407314183385,1.6429780404084997,1.2131903964896558,2.32281726375513,1.520524315040351,1.7923063737837537,1.1372632679683692,1.233103353559455,1.1977298037906328,1.8560416279931544,2.266799656322198,3.789689369943131,2.940761647954788,3.133219523443795,2.551677947738314,3.310418734073935,3.275241660396627,2.6150978545318253,3.248178537253332,3.051157015492807,3.103360453431545,3.3917357048306425,3.6826392599776026,3.839397026536578,3.692374362182935,3.781552721451763,3.2280282500599093,3.1904275137458016,2.3575446643747515,1.6847673005012562,0.5806511713507734,1.898820566281555,0.703221369748445,1.6985340602150738,1.4688378666423856,1.5826801088061302,2.267958860408469
4,9xuqfdjn,1.6898845860830034,1.6842881811088548,2.6001218951344476,2.6558444991940484,4.383579613631316,1.7388502181755183,0.9395646090282744,1.958466531572017,3.9244258992055103,3.226694802945836,1.637300810750426,2.1854182285212684,2.5316850148693377,1.234696381777517,2.2786084041237857,5.70720781486303,2.1746199454033217,1.9106277192710708,3.525858501738582,2.872998812814513,2.7090543271294725,2.6138378190983493,1.9981195343071991,2.6344693262662693,2.85125081007901,2.356598356321511,2.1793939999217384,2.7230250766412083,2.5261664179537866,2.491284032619655,2.0182108289928,2.065086483334603,2.0593280881441696,2.1517834003648715,3.4563904763659625,2.7594819728958453,3.323563658987808,2.131623434371164,3.0744807525529847,2.409083521541768,1.7439690536101369,1.7295154438882454,2.3585090662617545,3.182013966106117,3.6571417340818937,2.3082561920596016,2.030294159969026,3.051238636708846,2.651660781797068,1.4611946740078638,1.7751178309672837,1.360251915677843,1.5239347254694746,3.333630859063005,1.5573298314175623,2.3905942101471247,1.9455400393778803,2.0190300011526108,1.4466817166361987,1.4296793220378794,1.7722880973070527,2.0511349422348504,1.2724507805722316,1.7227299796055937,1.6715195347358638,2.5259533347473324,1.5922791847464886,1.6868647999271678,2.8063482052535824,2.3433370518290797,1.5456799517778563,0.6803861265916822,1.8639779523585784,1.6119054012127303,2.039313149335814,1.6806905164615802,1.312813805225375,2.480920808002859,1.7070793572318117,1.9047384428308496,1.2563185626453268,1.3689239331961318,1.383542349565276,2.057909143678678,2.893101757553904,3.93346017585969,3.1638620400045676,3.247992751883035,2.6963844945247852,3.4262595355643546,3.3128815215975917,2.6811370148906697,3.392538103183275,3.239122861286955,3.250568785392093,3.52576958546076,3.604919555012579,3.894321943960083,3.794825412015303,3.836622790580842,3.3041738680839323,3.2645402864417647,2.388612792530923,1.4135856164830325,0.7525141869619095,2.0494927809294556,1.0313227005822283,1.825200746086611,1.5581042017681432,1.5840111043101333,2.361390827023288
5,7zina0mg,1.719568060754767,1.632619762940281,2.669863096524663,2.6502042652084574,4.449264764654285,1.87256482500297,0.8881534076674626,2.2239556850561533,3.9350356315586463,3.1292059709998807,1.4944862408390154,1.8757792852448647,2.320204083510786,1.2358110618171188,2.144834461777146,5.784792906458083,2.3099237451677523,1.6624318833961511,3.459470764062329,2.752793350878458,2.5173716256516987,2.8659478175619006,2.1598827937897767,2.819592030436966,3.050178118775968,2.541233600482854,2.408605615793638,3.0028353795332983,2.0992990478511624,2.2792544003666557,1.9812114780471295,1.8856379530114524,2.0976723341265293,2.0911534607989273,3.5198724189229726,2.608315584475933,3.222712768127131,2.2176198949773567,2.940718461842537,2.1994197939507685,1.6947904424168645,1.7040909083953169,2.4393755707934157,3.195020576160154,3.5583515301650808,2.3347434513934844,1.9697126074679177,3.1900642995015707,2.5481951638470326,1.347278576065455,1.7144502238296828,1.1359399415929976,1.5519853435708948,3.360055686120635,1.631660400655208,2.437538132396922,1.7329797638376507,1.9981919912450876,1.3147407587887423,1.3196197516268238,1.702931442807224,1.7875712220423312,1.0242404040302069,1.4720051810734076,1.5468892935079932,2.5525462710834215,1.528495172363209,1.6663950654548376,2.6323700209436827,2.2177258054424747,1.4055402721238333,0.6203167644606193,2.1319394022912874,1.517843511747422,1.961084596749728,1.6556350786798264,1.0617929277299567,2.266889898708202,1.5371498964351469,1.7787127745355638,1.1563376851704563,1.2426253315503717,1.2990221227091894,1.8810085088875477,2.527729448391673,3.748328822742752,2.9519429022840793,3.0806220061669736,2.583758093471755,3.229689505937022,3.296824771070116,2.514971704407383,3.170638090383905,3.023147539295793,3.0187314268350933,3.459383160734193,3.564192956141427,3.819386193310219,3.651616817614747,3.727120652484343,3.250630421720401,3.1367374621806627,2.2816420086189053,1.5842755209553545,0.7102484933983412,1.8697380204778604,1.0072205238526444,1.6592982150541105,1.4341498348538295,1.5711262524216707,2.294713658611346
6,ugzhxwii,1.764526074907705,1.720678849845939,2.597761284180073,2.553189398794598,4.257281925957804,1.7482527322002432,0.8969237619559599,2.194064447241584,3.9368554389302504,3.110461001112301,1.656184057735863,1.9672934502251729,2.4661748938126067,1.2297395369891035,2.3060804088697933,5.833066879702063,2.2008600099049755,1.7203017673316172,3.439732559272742,2.742076978539198,2.500054629984043,2.706822608680423,2.047532301775629,2.7211989525899756,2.919657282261113,2.4646679307989894,2.2967555551017873,2.8981720868372154,2.2540870734124474,2.191020820920038,2.054436704699439,1.9807651461326368,1.9186821982340665,2.056625877803852,3.6011565387762476,2.633061040583338,3.200046310072937,1.903706157493688,3.3327132677226667,2.3575259696710913,1.7780176742309228,1.6748767362623889,2.518648803692581,3.379079724077112,3.5040960535292323,2.6727621771074324,1.9773528950954384,3.161942928617736,2.6237745969727575,1.46915559972687,1.821747405190452,1.345537579168553,1.5980705122321193,3.583284337745853,1.6125736096836296,2.4773776984050566,1.7126997076765642,1.9574711974695975,1.453808342692815,1.4419398168463644,1.7432028029878766,1.876472733895966,1.2996170118788128,1.6407746085888115,1.6280015262588696,2.404588543322448,1.5373464612518042,1.7054756457992906,2.7533276692568704,2.2997177326362137,1.512833821914028,0.5692957473370843,1.855706055257981,1.6107665191606766,2.063293259692795,1.7369107492802978,1.3401990827719503,2.323381670014703,1.5789970386484042,1.8306708324635803,1.2479174397468964,1.331729017360915,1.3784493038345211,2.0114604858731164,2.880742917378875,3.886664171469001,3.0945754958540923,3.308590841597678,2.587771263923908,3.3884558553852244,3.266851207487405,2.645996790162411,3.302128560847728,3.119292701374472,3.2084889858779446,3.439648375178782,3.575795597609394,3.805835111558773,3.700262386339841,3.683866516320395,3.280633867671809,3.1477685963893567,2.350527027570231,1.6205798029094869,0.4718509939588408,1.9171169851224927,0.8681125733791056,1.7081706539580508,1.5094897143192634,1.5634284044704525,2.334156295134851
7,z83ne5au,1.7601986002635486,1.6555336236983142,2.630284849470512,2.6844263448159484,4.520338115717851,1.7452722133421643,0.920293040762241,2.035610801308868,3.875768580875999,3.332452083103608,1.5975849953615806,1.867141339576445,2.3800122694889025,1.2256051356992888,2.1731891057392247,5.698655051036965,2.4028292947278147,1.4452527213933917,3.695739922042145,2.8284028407774175,2.6081992777620995,3.2069453011143514,2.430003446473638,3.165058398322036,3.5005950283821696,2.7637736345442314,2.68431444418429,3.538798273833278,2.2217315615292517,2.3606114906017117,1.979780823693543,2.0879342383807695,2.1587162824634003,2.140533052124202,3.661768728526078,2.829952831834648,3.3102805971463143,2.2203670207901,3.371449228035041,2.4873713161092867,1.7883026861414082,1.8545910125159029,2.6126105039259353,3.1309556646165255,3.8237157604526737,2.377593891835901,2.026995607642059,3.184280164733333,2.645961022724044,1.399044549951136,1.6911270058424748,1.4333521965755447,1.585367888463107,3.9204838315052095,1.6898141545145815,2.542245867964259,1.8300959782698791,2.099156849600269,1.4619330021188282,1.3458476771710128,1.7609631765436344,1.7688045255716596,1.3200041476626403,1.7149281540984498,1.700871461391007,2.5066017926495543,1.6689770122969034,1.7337827102501473,2.7732201970454065,2.214735361196957,1.5627048221511068,0.4208348567683787,2.0540955864431685,1.6406422161740628,1.883106915601418,1.763384060659564,1.3667027439134112,2.3741747357065326,1.6758970959007764,1.8654203549568964,1.307814983521503,1.331818026131782,1.4263245626237626,1.926355864802464,2.52897270978631,3.973613273298425,3.2815217177573777,3.339982425112943,2.7727627885049086,3.503474327164824,3.386182088636009,2.8210188339758115,3.522261885283835,3.268579744837359,3.267906802946073,3.6957327975559178,3.917680358865152,3.9329641841113774,3.9196380390130217,3.88704961857962,3.4558819272686714,3.416100584418704,2.3343925382322412,1.5915446249649907,0.7138041325396903,1.9261083914185435,1.0328179721909791,1.784048374113688,1.514454674889738,1.5371390313773436,2.4157640948411045
8,l4vlfye3,1.7596300567886505,1.6936712641870053,2.47498073457302,2.5040062892397073,4.021276028625395,1.894280783065996,0.9096126146622652,1.7447445514650557,3.775964140379702,2.7387700477549948,1.6923550718242184,1.8914899990616103,2.409861772286358,1.2697838840366518,2.2660140051808044,5.674409703921781,2.270751690096554,1.4794486865623513,3.098625945653036,2.9807854976765693,2.7778606898502383,2.3302736815210516,1.712957100960207,2.379685091789334,2.5768352711314626,2.0782326104157063,1.9733159667042832,2.4744788148911354,1.892895459947805,2.4785454857408675,1.9405274641065364,1.964489936960774,2.2652006043880624,2.1920894845815457,3.556533788327877,2.565720967062747,3.0276674711974674,2.295562949964088,3.1978341022185357,2.3151120062995356,1.716195015924072,1.7691791982315623,2.5132122683557263,3.090525019772881,3.208608727325203,2.526226121283453,2.020132406373119,3.0952777580388005,2.3878070275564953,1.4517449429223956,1.8134954044263456,1.409419558918361,1.5553358356446998,3.308199090270179,1.6435325655102602,2.363922252468071,1.8085619866163207,1.9945522497135968,1.494064096408256,1.3920062320814872,1.8598585453379572,2.0359985478075253,1.315905695354907,1.668827342015299,1.598715794808198,2.459713437432897,1.67224322315337,1.7476999313508934,2.7379346230822987,2.5220925641541956,1.5263014757653446,0.8435445711162118,2.237213422880068,1.5916133774366428,2.0324901697915503,1.7544715031893776,1.3435073871721075,2.563940844102086,1.6699952739775874,1.94546740572137,1.2663150395546383,1.381207814114382,1.3663350170175488,2.018075749855551,2.7983981001093112,3.374099433868169,2.495451207339028,2.681493218901951,2.1955897074314934,2.808736160335264,2.993437177188084,2.122249718966736,2.7854447526918573,2.7274623665389295,2.5463335493037853,3.0985914660613396,3.001275765761704,3.403194796545154,3.147428510382829,3.3325311298568936,2.737943901733058,2.724919243229608,2.497767171428586,1.6470124269973525,0.4417431017913807,1.9957901414107957,0.8117757597315837,1.6456092949876169,1.5467735038608186,1.5747465822585935,2.2309413310713286
9,8t209vns,1.7055577143758764,1.5768145775642175,2.412845583647689,2.5446386550961972,3.9586616481998824,1.8548217980950803,0.6495540520231698,1.8551779411221052,3.614219407349699,2.7713470494193277,1.5307282218782914,1.73112736854267,2.396503645068668,1.2509141382633953,2.1048174374531867,5.555942170688888,2.2370629585093105,1.834683498195768,3.017323986167017,2.7300122138336835,2.495312272883841,2.294713165649179,1.774750805117894,2.3540423484005664,2.471855692478231,2.1441543693512215,1.9804836301081348,2.326949662218659,1.6615143416113582,2.1647530492172833,1.9098775937804109,1.750756903292803,2.0184652159869643,1.9189332594495785,3.5288142218515963,2.347578210358898,3.3732893284305208,2.085233095331375,3.2219467723976707,1.928311409697709,1.717274780275694,1.497415529402924,2.4013856713456,3.227562232703339,3.4164135953980517,2.97298505861888,1.8545449800513507,2.9767182564844528,2.3227722900222063,1.313709103844063,1.5918496962692934,1.202481224759559,1.4295762656054591,3.4989381330826954,1.4750960111563671,2.3139338845705693,1.3703628938742445,1.8841188578025647,1.3025280474232508,1.3119461280617517,1.585439659659063,1.80332577653699,1.1734269247922997,1.5030565885190914,1.412866711699964,2.139039946616658,1.314341864099546,1.5055170121090224,2.568715397296762,2.1041133400524874,1.3814427663601958,0.5043074644155889,1.978378664360932,1.518759429096088,1.9401344376542369,1.685981216253121,1.2735470608931063,2.20855689409816,1.4466985496007312,1.6652448602185532,1.1804738617120312,1.1949841690132277,1.2641179666593918,1.8004152138117002,2.569356372316685,3.072142012386928,2.6448520625472627,2.7470335404219584,2.2261936756708254,2.8786793963427493,2.9252005418452085,2.1517913939249,2.8225817410652536,2.730005261571131,2.540484651169466,3.0172242065766395,2.9531764939832432,3.2734203383978415,3.2128810007774913,3.193807646807235,2.8938889709682014,2.754479817800215,2.2650139415720507,1.6027579599261352,0.5480746486367416,1.7256333525590175,0.8880925511670243,1.6507366002033703,1.4182997092435254,1.5887559954799384,2.1328504701159114
10,lilgiji4,1.6637800697937155,1.5999876923133465,2.552613930620759,2.680134910803938,4.258392194679927,1.5984600149309711,0.8403267371266762,1.9776704487751915,3.960699277407852,3.1395204251758,1.6024983122164935,1.9182608550864368,2.3983355013839383,1.1675734133598463,2.246427062454211,5.551892383031397,2.0700392446344433,1.7175171159509182,3.5289328762003995,2.6817362820027135,2.4167739207531644,2.7800496912025103,2.149210010796167,2.7940587847632554,3.04332298432995,2.497304642778354,2.350579755238926,3.0619353868504486,2.12018483083349,2.2565915695674734,2.024102950277385,2.083613944270424,1.9672949619182911,1.8416038667526715,3.4938071230154413,2.6836967402075165,3.3603815611543193,2.008439923083748,3.440686006535033,2.357674196400429,1.741158559477226,1.715212869547664,2.3938270619243953,3.3543245043679217,3.4624220650071655,2.536623587975387,1.804166910790836,3.010731746371354,2.581398381847713,1.448680110084694,1.7411301236105787,1.3821899468846912,1.4184077276501523,3.808258470842356,1.518859842245402,2.428209558462612,1.8306469046769969,2.016800449604886,1.4607122960171746,1.4347204348324,1.730325279136158,1.928815256686743,1.2835174051258489,1.7114467506257849,1.6993153874599158,2.380719977109801,1.572040633597079,1.635741224074649,2.540457319945256,2.222493251973351,1.5179084548078323,0.5648565641588852,1.8607033382708136,1.648173681841772,1.9580535957220104,1.6998394265561232,1.302676632700753,2.212466687620043,1.6042251409700907,1.8767340038933784,1.284564787848517,1.3597861038001662,1.406106074474036,1.8788879839540944,2.846811520101315,3.85386200422028,3.1568563810660852,3.2178536892106835,2.7128336532728277,3.358677228673073,3.329198982445537,2.609779591234373,3.356086012048302,3.2222667070178086,3.1870057585727403,3.52880166342219,3.681699846385394,3.823530118709519,3.7505981294231296,3.8113928974765634,3.324494081485494,3.267590598970392,2.4037420706114214,1.3340696629776538,0.6204731020347376,1.8461731446852732,0.9105077930812796,1.768075639496809,1.574608131169654,1.5268272569605672,2.326166034345507
11,mpxf2v8v,1.820343647269216,1.7573500714717856,2.4035068547840943,2.558209653523155,3.3301447313491352,1.9627541748529065,0.8923491647955739,1.9526552907009884,3.7249281134828074,2.3150820648766928,1.6786442326504984,1.9428954033698136,2.703066399659701,1.3433527216808725,2.483079808754424,5.779747670204614,2.332196472398092,1.9504351339559591,2.654971622188096,3.0309627013332134,2.897096776996994,2.210174158193253,1.758344248619285,2.201849364639904,2.306628455089855,2.0698947194007067,1.9311458139195703,2.109170514985097,1.994004357219924,2.665282368718439,2.0350589205775584,2.060150114925893,2.2724785085760137,2.301525159905254,3.677962504721945,2.5075797909522084,3.194385221367459,2.3084706123239704,3.38807800850368,1.85840268802269,1.9158386861514096,1.6739261739492748,2.4642921862861873,3.123088432175628,3.3414910619971088,2.3942276109839473,2.085574063143669,3.305027310459842,2.2956754284214647,1.4183765962804524,1.7262041476428334,1.1938404959862756,1.5332399918095116,3.5255230361301675,1.5749238698485226,2.479532802171032,1.875630947297068,1.985176913528492,1.3775272471159417,1.3938952487292442,1.8417925522994871,2.0189136989899623,1.208944200198669,1.6378455992916936,1.5674874723119876,2.2435445304145847,1.5622029588552775,1.696376467278202,2.7371628049438077,2.4264681485644135,1.4944516006360589,0.9291400011133428,2.2694409973417016,1.6043586266765963,2.1576261472038243,1.8004469768856288,1.312229646615462,2.6290296859331304,1.6385710183847018,1.8311794126940728,1.2064142624098873,1.317735774603534,1.2294390362612395,2.002706925062394,2.8810385750152254,2.480832780819474,2.198406692497185,2.373266773094686,1.9737359871774216,2.51526594713039,2.830618295172406,1.9723262652577696,2.3843029662896815,2.3854424460972483,2.084170925364339,2.654980920046405,2.5670322387313855,2.958016496637834,2.8923888906683364,3.020053231040852,2.5473029394463302,2.409302673387265,2.5246153194027197,1.7458394544042937,0.5786130820510681,2.099324380827085,0.7436087307780689,1.826932464738028,1.5903786075845654,1.6655971920106605,2.175584302833726
12,67hai9q2,1.4103112285342978,1.266015682842346,2.2332882416116964,2.393189665155425,3.2496265783471845,1.5440190368114273,0.7472160368701176,1.8625081553939835,3.60316997709204,2.149672650753935,1.6777312648835438,1.8485222456410753,2.685242169343555,1.2697135462843658,2.0998282382198896,4.930026976147534,1.7385947795185788,1.865469871006861,2.501295862040482,2.29965692895451,2.025909114247585,1.327565093241051,1.1906968291403932,1.470909862061027,1.3812904290373174,1.2813911809349945,1.2464074548847588,1.2169092259280094,1.5725214923757498,1.6736900284903669,1.439672114008953,1.8412031958125488,1.7132844662719555,1.3373650778015187,2.536949201889265,2.2099247438133625,2.5396094179160187,1.598940297985025,2.4997910039195985,1.927304465108472,1.4962418157855824,1.433235737801605,2.0602088067488644,2.7606035015865675,2.6656724244012153,2.7038994726996357,1.312376960385672,1.868666611126348,2.1061980987919187,1.373901748344985,1.689664947250194,1.3779290624747529,1.4656307030098628,3.063634501957865,1.4585597765188856,1.9050115160758516,1.5292331981605871,1.6588620248177606,1.448103900071919,1.3972121141402434,1.6477329052326943,1.696479722658348,1.246643090452917,1.637468284900642,1.4818940431339582,1.7951607805512697,1.537829419355751,1.6812045744644388,1.9929549277416143,2.163863997797165,1.4064355988669808,0.46265151639241,1.5713901861146533,1.5167739882953837,1.7080743411388932,1.6708481501188253,1.3560112104009934,1.880632589977731,1.5286852652119949,1.8623331349388588,1.217537416169918,1.3143198579437636,1.3167904625589966,1.565217775785133,2.7740973122470436,3.0778620627720668,2.084580739792976,2.2633983235121917,1.9753441967154144,2.431142791974019,2.6816673607727144,1.8540075057315817,2.388984726949743,2.3034397944373737,2.430121995911535,2.5013061506795435,2.514442367010154,2.986143142993251,2.9492832332873222,2.90285323551113,2.5350688597922133,2.390502720576008,2.27362037627543,1.5727140853768675,0.5225839066093002,1.40087214907184,0.9079800960960576,1.7430126590430646,1.4511514053452987,1.6372024465033173,1.890850887615108
13,usvxi2fg,1.6599324101619328,1.5898463505839608,2.18860280070152,2.501902341276884,2.7067556103528365,1.7202880437723336,0.8176251154168016,1.905417635761076,3.479628057629189,1.84729203719095,1.6007135129350092,1.8275899869017969,2.4700138158880596,1.2225043266537086,2.3232513179262133,5.271994326197208,2.038582053847849,1.8842246817586208,2.162457563007076,2.2703426169073526,1.8188454455177023,1.918803565991679,1.545439647699919,1.9586177244263132,2.052788627485388,1.8013266162028072,1.675977833870988,1.840392582161628,1.9041134589507145,1.7081125165129003,1.9641022735308624,1.863032993343967,1.6913045435054932,1.777245404575072,3.1259705683944987,2.352245460162859,3.041148978106881,1.7755557059342193,3.0923156987497875,1.878999480950611,1.6835575795566686,1.632767661875415,2.113544369895807,3.267385750613584,3.185922495505138,2.6859211246950885,1.742348863524982,2.760788872173555,2.145214612108088,1.4581046222606004,1.8014713983320425,1.3335860417347702,1.429455268178448,3.299843856645966,1.446827957152449,2.262019428451957,1.5914641491230683,1.9005676026202931,1.4880536159666065,1.4577443137794457,1.5966903199106874,1.7449820849877875,1.246944761507555,1.6791449812482198,1.5618279038416554,2.0220818594367396,1.541312881081238,1.6237420248830483,2.231294204525238,2.2805277752991007,1.4783561774780578,0.6119202454554611,1.5429280532826526,1.581264909844806,2.0928353837546827,1.7197026736023446,1.3040744051186617,1.7000960642159977,1.4958202930849287,1.798743300282482,1.2349524530368037,1.365930500780243,1.345931134749633,1.628508532031015,2.970842478002309,2.3119226300763622,1.4816397312232752,1.5262324138987002,1.3468820464159783,1.9219755021338905,2.232011190472397,1.2412129253151811,1.7871240901358358,2.023825664688476,1.5594689332591862,2.1624535246253593,2.1634950722414654,2.381156683874505,2.303973718666956,2.274148965464698,1.8987872504930816,1.784512059899181,2.450859497741706,1.5280865279630218,0.4858736861295802,1.8190105168417712,0.9161028143084028,1.6898860327604592,1.4806688748852932,1.597042484688209,1.9157336504980271
14,x0vtqtwk,1.6904991001551832,1.5887365462795708,2.707673903697883,2.7106945919114698,4.647284369935923,1.8148489025472836,0.969842582861466,2.067252497526868,4.036120477404286,3.3126377385815617,1.5724677045931252,1.7735419502197678,2.444689241050142,1.2537130103468397,1.840219306507587,5.635016764183553,2.324476807064014,1.6102572405541906,3.7248756143971367,2.8561298017548173,2.734381084417336,3.188637675575621,2.387398067254111,3.0597564529433994,3.3781077989360058,2.7793971108452045,2.6478154931265827,3.2558568903901013,2.3139553870439435,2.4049397238308923,1.8581172406685496,1.9367192127687625,2.183791199236916,2.137199789439444,3.443503031596868,2.7295524084923444,3.2523171226691834,2.2299358229670063,3.1455992946954727,2.4649466409081633,1.6981834270435592,1.7268887342112431,2.5668702406322463,3.476732939028057,3.751458807381016,2.4583516451830016,1.9424158069240511,3.2244932507814936,2.6775972339485814,1.1398019783200484,1.497840941559139,1.2127611458905443,1.5415979521386256,3.5979936430052075,1.6645078050635256,2.4398840089097593,1.8729859317441957,2.0345978032396665,1.0706880716614071,1.101960470108814,1.8081982199240487,1.87935296784747,1.1544941237054782,1.5703492251216131,1.6658918774919884,2.445697279538512,1.6287746011270083,1.794148327921539,2.6546094049787983,2.141199862975517,1.4764822095122645,0.6036880378059194,2.124318351485191,1.586302879740097,1.557702559547275,1.8034236534684136,1.28911410488585,2.5012684177840323,1.6570878271549625,1.8445551807522536,1.2181472411627057,1.2777883473597322,1.1972710267767648,1.9541446992448204,2.290033544137516,4.257238493985032,3.432119129610776,3.599640573067901,2.9095360021316004,3.705818475302456,3.475391929106826,2.9234864738856468,3.693816316877935,3.4673998018015673,3.4987363224683996,3.724862298568148,4.009361492685178,4.260292428860867,4.118485426000359,4.143394813720492,3.6240808364972814,3.5544890446899347,2.1460393904750483,1.550360460012929,0.3952966465987734,1.8536527637213192,0.8492341632431925,1.7780159088148757,1.4683783278191762,1.579136142303615,2.3995711369986523
15,mtpg8v5e,1.8153499073351873,1.7271861527080077,2.683170616162523,2.7455264779819673,4.558813662719761,1.8490819153914295,0.9052062734792148,2.1772456366514845,3.8631497307512817,3.296854018175497,1.5570936795312538,1.6955520648875648,2.3595786784630652,1.2309530103970654,2.256554400560984,6.089256237958122,2.4098756489801985,1.5465094563105082,3.67932785399351,3.007328595213091,2.7412168242859387,3.2232714496034727,2.389743171236399,3.189564129310132,3.513768317772264,2.8222728859503987,2.690550969818345,3.5517338556049425,2.306831509951005,2.411022244762251,2.0545122149847708,2.0092560498046894,2.204699411384059,2.257005428806222,3.874929605495786,2.80211495778165,3.357997869920915,2.3317092170178024,3.4481916692190806,2.4831076216653294,1.855039082112889,1.8584667938520176,2.683659291143637,3.2835343996639144,3.630097386342496,2.7793279355390257,2.0988552990604443,3.2979118564720302,2.612943452136705,1.4204556861519302,1.819230123188785,1.4257255684148349,1.6212594082991405,3.705102629319792,1.726457769902938,2.656909465234278,1.7243827381576395,2.079937744597225,1.4858358223491737,1.4392310649521138,1.7155916695695403,1.844685917864917,1.3682496662398722,1.636372240720358,1.62537407118938,2.6784240788215876,1.6109974657205877,1.79699793260652,2.7863500402212713,2.1943293934464276,1.4797192459729676,0.6955134073102797,2.205419424274542,1.572979055392283,2.053473129954156,1.8097462334892809,1.3756467754585189,2.512095162599471,1.5835787077546502,1.910735700434914,1.2831887845662535,1.292620879993749,1.4227564027824908,2.0122690734535276,2.6550916959543915,4.051005178506703,3.3024572141541277,3.4952819171763174,2.76518094140251,3.527720013422426,3.4710691401400573,2.83174564028056,3.5567800384798263,3.3119831571540925,3.48670643540499,3.6792183292043488,3.792227686799575,4.017618077157918,3.888815696391572,4.0454722339598765,3.467394224484185,3.3745814807508676,2.3717410244006687,1.5583502233861324,0.5542704593152714,2.0485848169528698,0.8282075787847599,1.5788481236016194,1.6493401133076189,1.5411519165637213,2.451267588689934
16,8o8ypuib,1.7327969160097183,1.6751450858062562,2.5643771166141938,2.553708169290618,4.18520119378219,1.837149091181918,0.84196282945213,2.000674369320899,3.967567046657408,3.017204175814606,1.578966067345421,1.904986933610442,2.416275890751947,1.2923083347693252,2.2903444239737634,5.678770093817471,2.0894439899902015,1.7365388474157155,3.34069683145769,2.684568992515124,2.3716563953618226,2.114346954159792,1.7077699958938315,2.324544603908504,2.3669419322823604,1.9747938267225909,1.8476403973674869,2.264539444646367,2.0538248263591754,2.2142406943366417,2.003914756614708,1.8182562648238636,1.9970695192711272,1.8433334540786683,3.3035866547249686,2.5688569009252147,3.1220712020706083,1.9313359471094855,3.11790944891512,2.2676302457850697,1.7567968940504857,1.5963729885894449,2.416378790465071,3.11482787620994,3.63356522640077,3.0217421907327195,1.8063890875607016,2.9365608188236765,2.4614750413059485,1.3408661896825411,1.7226681397102193,1.196215889990588,1.2749226614443732,3.4847732958929503,1.3264250853041704,2.396675042287016,1.7251878681998285,1.857716179445421,1.357261673741886,1.3528007701393665,1.689098603718288,1.8541890982424576,1.1184767570197809,1.5406700091719996,1.5446299763405318,2.260075743336883,1.3662921941305832,1.4528837911249388,2.3771823963597685,2.3408560923683264,1.4327530764167489,0.3635680732799665,1.946226826697811,1.5110358169402271,2.0747955340661965,1.5613494662669118,1.1613571523092987,2.138051504917413,1.5406591652659394,1.740135405340985,1.1755024134931462,1.2598180804619128,1.2499392695803877,1.7942175668550944,2.8291824207702474,3.702032750814259,3.0483846106527777,3.1507015891338783,2.541564012302872,3.3228457744695925,3.253204415430224,2.506139611650639,3.1954891771390397,3.0126601167221305,3.07819881083991,3.340597487548088,3.384127071906074,3.7186051210902895,3.6980297576815446,3.704440686535289,3.2455096960707635,3.1073766480842724,2.3471362809627543,1.7212385228694884,0.5922842598341728,1.9447476959062229,0.6749671747392655,1.756672227641089,1.5187820747869936,1.5926903840105338,2.226035854256451
17,6xkja1k8,1.6119983496276376,1.539682041610819,2.5172910005811824,2.5158838323751676,4.251565792155232,1.6360479850950704,0.8249006159971307,1.9622745986513048,3.913073179213189,2.872991809917707,1.593098999419605,1.917458520969904,2.351853125945112,1.2013954876847637,2.1809013654880567,5.496278831669267,1.9954905374577605,1.752113803681402,3.1870491519923125,2.6885879909383417,2.394453331367676,1.788518620126539,1.5116064004254366,2.0014054527574205,1.9660500458439292,1.7170008540248092,1.6195069032856737,1.789932707561236,2.0031930831707547,2.190042332744784,1.8478545690375483,1.9930426113253037,1.8815131782238708,1.7518476575944115,3.0033003785679635,2.4451611612500437,3.1104527687267343,1.8500715645199897,2.920729229728113,2.164275228899085,1.744250416771932,1.6280435507137825,2.1922580760282973,3.067724474089087,3.4104618509464197,2.756414446545853,1.6907420572490532,2.562736158335148,2.3633562767137715,1.3400352240529525,1.6742508459378025,1.21933348551845,1.5167935993915551,3.170650502279041,1.594811926368011,2.186776930032661,1.8337344721515147,1.8992882400082107,1.3231554951528346,1.323609131024239,1.7231927885301803,1.9154539832591997,1.2145357909437304,1.5821804346411452,1.571178400271385,2.2944357136126743,1.5570678734415933,1.721023575287428,2.4937428718790464,2.2696454372536423,1.4925170813604247,0.5912396971090642,1.7128311027479202,1.6065537526893428,1.9169571947825472,1.7011680483313931,1.3392087281716467,2.2067657786074473,1.606165118037856,1.8675561528219145,1.207933971349148,1.342158851257686,1.2780776835499703,1.793876767524207,2.666463682269859,3.578925918017829,2.589892300699304,2.896531090363846,2.4127450497653156,2.988934260636773,3.127272072910761,2.2684647960206106,2.945196730781081,2.900291215213022,2.94072487363972,3.1869803205148988,3.1039681398296843,3.6674019571977294,3.411429959177965,3.5567339928375716,3.02653802405492,2.8819654527865604,2.26642126285934,1.4055498904427437,0.7052205413786148,1.7969783411649802,1.047466881922263,1.8112977771390624,1.466295666908623,1.5766482406326343,2.1517284317780843
18,x4zpkyj0,1.5455742199442135,1.4286653961942175,2.3581712000609323,2.4792285865617942,3.854048621513787,1.5880557550558083,0.7375027454186112,1.8203377851348437,3.669853706680749,2.692137447500738,1.5587809162208512,1.8211594006449856,2.6647408339327963,1.183293390513312,2.0548078875434133,5.323227298999188,1.9828082702470256,1.5260500705184072,3.0312809685676263,2.36830809537308,1.9894500783587872,1.6445931240823504,1.3783993031497228,1.822231741434861,1.7541852887944915,1.5468179129483324,1.4966081695819655,1.5873662301979752,2.08198178703745,1.843835324725904,1.7118536537350555,1.9104942270114915,1.7750541469766452,1.5873172787665302,2.863749291165918,2.3822405206529695,3.0257888516464986,1.7823338776677358,2.7131841950242026,2.2113447516865357,1.6247700938551748,1.5663881860602251,2.1576525228359795,2.96075809953871,3.0550582900708436,2.5547764534777513,1.5837042024962584,2.30059942708069,2.3283384789990493,1.2880924721326588,1.6063626710427994,1.309412865831585,1.4797106099082311,3.3572546136615613,1.5061776944435932,2.162221426926018,1.649614548957125,1.8782907240875837,1.376712512656365,1.281235595067865,1.6070631193487412,1.7242386929789968,1.1869524439489207,1.5700336704154592,1.4796791695363984,2.1923561207747775,1.5321488298796129,1.6594044297331318,2.233284001281495,2.1430657531425883,1.4041616661801857,0.4425544778722051,1.607028537499306,1.4920635893041037,1.8440009238133424,1.695342446895498,1.2804932804931537,1.848413639351002,1.5109804502345705,1.861926805403548,1.2006365504301213,1.2817426974666646,1.3274211105765912,1.6536740304706985,2.1849986081628923,3.3704312597231425,2.5021492660347926,2.685123222633571,2.1797833288839574,2.703950064816397,2.883370707899358,2.1046639957012423,2.7222311121174667,2.6941939349992117,2.635506730173487,3.031269187597802,2.840278760340942,3.3580610612084616,3.148007264263331,3.2612474894916863,2.7531819823485564,2.696922912026454,2.300172558872123,1.4659323021429922,0.561029271891985,1.6263362654412372,1.020670691800161,1.7557451152267325,1.4301439201717785,1.5429401331550363,2.027827285677799
19,xdjvc3d4,1.6844612683923228,1.5759513304777706,2.263889661280808,2.5705595412977797,2.874597454798419,1.799768641368998,0.7385956247545405,2.02788014033205,3.5719365651330626,1.863496944394032,1.6306081671815145,1.9581099770037016,2.6224695172022003,1.2667201937583077,2.1780307155315652,5.740846895846834,2.31633964367758,1.6614367289172447,2.2002575207871384,2.977958890931726,2.7034438944808095,1.9944434294952116,1.5866655289364615,2.02680383520746,2.121389218950434,1.8327196721125212,1.73561727918474,1.940641506341466,2.004358111891059,2.292271839259538,1.9335481751974364,1.810497614443911,2.184256458488868,2.0960675740625465,3.627057737853982,2.4665917522017464,3.156041544830822,2.202893480285062,3.350485451031702,2.049691248789181,1.8079944528378475,1.5848935000074256,2.502216284553879,3.4135318464565367,3.20110685298731,2.7110608689508524,1.908316938618281,3.0294900021560855,2.338341806700115,1.2592098502628517,1.7405500483073262,1.2382642874244034,1.53889888149533,3.550149894357648,1.5989763397617036,2.4555804526523564,1.60129304896726,1.921326888808316,1.3475889233610914,1.2634917096100924,1.7415045341460111,1.8948075925754713,1.1765442414084228,1.4877556422707483,1.373859886750732,2.1940729359339586,1.4879409658837517,1.6756017148366809,2.720589914617713,2.313603485268076,1.3680738037777105,0.4965709504774274,2.1545197278181685,1.4488794286562057,1.9215805384942597,1.7218017678882145,1.2711176050724062,2.4238493203729377,1.5083233489171457,1.8520520779057736,1.20584887964162,1.2567216064975837,1.3090946282831897,1.9570823127001484,2.098324142286615,2.36703643161291,1.5701728777728725,1.5831184016874884,1.37305318203337,1.9435190735172576,2.2768487427027675,1.2703191062541437,1.8575055508319784,2.1086183507983804,1.6238254353459478,2.2001864511270415,2.2100336354788643,2.4683074534968275,2.3610246058908326,2.3138136528822315,1.946031732298273,1.8475755407924832,2.4677408059574732,1.6466775302905396,0.3984200176468184,1.860013191742692,0.5766518892390975,1.7538117307330627,1.5314569676464524,1.566312862125781,1.9984898175161443
